student_id,name,email,dept,interests,year_of_study,attended_events,activity_score
1,Student_1,student1@engg.edu,Computer Science,"Power Systems, Cybersecurity",1,"76,56",0.84
2,Student_2,student2@engg.edu,Mechanical,"Automation, Embedded Systems",2,"1,56,83,11,21,07,136",0.62
3,Student_3,student3@engg.edu,Mechanical,"3D Printing, Cloud",2,"131,42,77,130,82",0.72
4,Student_4,student4@engg.edu,Electronics,"Networking, Web Development",3,"15,53,31,34,174",0.64
5,Student_5,student5@engg.edu,Information Technology,"Machine Learning, Web Development, Embedded Systems",3,"1,49,97,114",0.8
6,Student_6,student6@engg.edu,Computer Science,"CAD, 3D Printing, Machine Learning, Embedded Systems",3,52,0.79
7,Student_7,student7@engg.edu,Civil,"AI, Sustainability",1,54,0.93
8,Student_8,student8@engg.edu,Computer Science,"Cybersecurity, CAD, Sustainability",2,"111,71,26",0.84
9,Student_9,student9@engg.edu,Civil,"Sustainability, Machine Learning, Automation, Web Development",2,"177,135,3",0.58
10,Student_10,student10@engg.edu,Electrical,"Sustainability, Power Systems, 3D Printing",1,"44,191,9,176",0.61
11,Student_11,student11@engg.edu,Computer Science,"Embedded Systems, Cybersecurity, Machine Learning",3,"1,90,107",0.61
12,Student_12,student12@engg.edu,Electrical,"Sustainability, CAD, Robotics",3,"1,95,98,19,61,19,144",0.87
13,Student_13,student13@engg.edu,Electrical,"Embedded Systems, IoT, Cloud, Robotics",1,"193,187,196,1",0.58
14,Student_14,student14@engg.edu,Information Technology,"Embedded Systems, Automation, Machine Learning, Web Development",3,"1,59,17,09,38,41,74,60,000",0.99
15,Student_15,student15@engg.edu,Computer Science,"Power Systems, Machine Learning, Sustainability, 3D Printing",1,191,0.65
16,Student_16,student16@engg.edu,Information Technology,"AI, Power Systems, Networking",1,"1,36,187",0.94
17,Student_17,student17@engg.edu,Electronics,"3D Printing, Automation, Cloud, Robotics",1,"18,31,26,32,31,185",0.8
18,Student_18,student18@engg.edu,Electrical,"Machine Learning, IoT",1,,0.54
19,Student_19,student19@engg.edu,Electrical,"Networking, 3D Printing",4,"163,81,187,22",0.97
20,Student_20,student20@engg.edu,Information Technology,"3D Printing, Automation, Embedded Systems",2,"125,65,58,91",0.86
21,Student_21,student21@engg.edu,Electrical,"Sustainability, IoT, CAD, 3D Printing",1,"165,82,65",0.67
22,Student_22,student22@engg.edu,Mechanical,"Cloud, Automation, Web Development, AI",1,"100,156,3,76,31",0.61
23,Student_23,student23@engg.edu,Computer Science,"Machine Learning, 3D Printing, Cloud",2,"29,165,12,64",0.86
24,Student_24,student24@engg.edu,Mechanical,"CAD, Cloud, Web Development, Embedded Systems",4,"24,197",0.68
25,Student_25,student25@engg.edu,Electrical,"Web Development, Power Systems, AI",4,180,0.86
26,Student_26,student26@engg.edu,Computer Science,"Cloud, Web Development",3,"165,104,73,55",0.73
27,Student_27,student27@engg.edu,Computer Science,"Networking, 3D Printing, Machine Learning",1,"6,76,63,61,25,194",0.98
28,Student_28,student28@engg.edu,Information Technology,"Embedded Systems, CAD",1,"10,96,51,04,183",0.58
29,Student_29,student29@engg.edu,Computer Science,"Cybersecurity, Networking, CAD",4,"90,78,79,167,110,30",0.58
30,Student_30,student30@engg.edu,Electronics,"AI, Automation",1,"112,83,7,3,40",0.53
31,Student_31,student31@engg.edu,Electrical,"Web Development, 3D Printing, Robotics, AI",1,167,0.84
32,Student_32,student32@engg.edu,Information Technology,"Machine Learning, Automation, Cloud",4,"1,16,99,165",0.83
33,Student_33,student33@engg.edu,Mechanical,"IoT, Cybersecurity, Cloud, Sustainability",2,"18,21,48,62,118",0.84
34,Student_34,student34@engg.edu,Electronics,"IoT, Networking, Machine Learning",1,"90,140,65,37",0.54
35,Student_35,student35@engg.edu,Information Technology,"Cybersecurity, Robotics, IoT, Machine Learning",2,,0.72
36,Student_36,student36@engg.edu,Mechanical,"Cybersecurity, Automation, Sustainability, 3D Printing",3,104,0.97
37,Student_37,student37@engg.edu,Computer Science,"Cybersecurity, Machine Learning",2,"71,41,92,54,100",0.64
38,Student_38,student38@engg.edu,Mechanical,"Power Systems, IoT",3,"5,11,26,174",0.75
39,Student_39,student39@engg.edu,Electronics,"Machine Learning, Sustainability",1,"34,156",0.67
40,Student_40,student40@engg.edu,Information Technology,"Cybersecurity, Robotics, Power Systems, CAD",1,"99,77",0.54
41,Student_41,student41@engg.edu,Civil,"3D Printing, AI",4,83,0.56
42,Student_42,student42@engg.edu,Electronics,"Networking, AI, IoT",1,"42,95,149,56",0.68
43,Student_43,student43@engg.edu,Mechanical,"Automation, Power Systems, Robotics",2,"4,73,11,92,184",0.94
44,Student_44,student44@engg.edu,Computer Science,"Power Systems, IoT",2,"8,7",0.63
45,Student_45,student45@engg.edu,Civil,"Embedded Systems, AI",3,163,0.65
46,Student_46,student46@engg.edu,Information Technology,"AI, Sustainability",3,"11,51,47,138",0.93
47,Student_47,student47@engg.edu,Electronics,"Sustainability, 3D Printing, Embedded Systems",1,"7,9,22",0.94
48,Student_48,student48@engg.edu,Electronics,"Automation, Cybersecurity",4,"190,69,81",0.67
49,Student_49,student49@engg.edu,Electronics,"Automation, 3D Printing, Machine Learning",3,"178,120,41",0.52
50,Student_50,student50@engg.edu,Electrical,"3D Printing, Networking",2,"12,61,43,167",0.68
51,Student_51,student51@engg.edu,Computer Science,"IoT, Automation, Web Development, Sustainability",3,140,0.83
52,Student_52,student52@engg.edu,Electronics,"Power Systems, Cybersecurity, 3D Printing",4,134,0.84
53,Student_53,student53@engg.edu,Information Technology,"Automation, Cybersecurity, Embedded Systems, 3D Printing",2,"196,28",0.71
54,Student_54,student54@engg.edu,Mechanical,"Sustainability, IoT, CAD, Power Systems",4,"9,71,72,151",0.9
55,Student_55,student55@engg.edu,Civil,"Sustainability, Machine Learning",3,"29,92,11,156",0.55
56,Student_56,student56@engg.edu,Information Technology,"Cybersecurity, Cloud, Networking, Robotics",4,"22,73,143",0.81
57,Student_57,student57@engg.edu,Computer Science,"Embedded Systems, Sustainability, Automation",4,100,0.75
58,Student_58,student58@engg.edu,Information Technology,"Sustainability, Power Systems",1,"9,41,33,159",0.89
59,Student_59,student59@engg.edu,Information Technology,"Networking, Power Systems",1,"130,77",0.73
60,Student_60,student60@engg.edu,Electrical,"3D Printing, Web Development, Automation, IoT",4,"91,191,52",0.92
61,Student_61,student61@engg.edu,Mechanical,"Robotics, Power Systems, CAD",3,,0.88
62,Student_62,student62@engg.edu,Mechanical,"Sustainability, Cloud, Cybersecurity",2,7,0.64
63,Student_63,student63@engg.edu,Electronics,"Machine Learning, Robotics, Networking, Cloud",2,"77,180",0.53
64,Student_64,student64@engg.edu,Electrical,"3D Printing, CAD, Embedded Systems",4,"1,05,155",0.69
65,Student_65,student65@engg.edu,Mechanical,"AI, Networking, Automation, Embedded Systems",4,"7,91,42,154",0.93
66,Student_66,student66@engg.edu,Electrical,"Power Systems, Web Development, 3D Printing, Automation",3,"19,110",0.72
67,Student_67,student67@engg.edu,Computer Science,"IoT, Sustainability, Networking",2,42,0.99
68,Student_68,student68@engg.edu,Mechanical,"Embedded Systems, Automation",4,190,0.57
69,Student_69,student69@engg.edu,Electrical,"AI, Cybersecurity",3,"179,47,52,90",0.67
70,Student_70,student70@engg.edu,Electrical,"Networking, Embedded Systems, Cybersecurity",1,,1
71,Student_71,student71@engg.edu,Electronics,"Sustainability, Machine Learning",2,"13,8,12,48,82",0.92
72,Student_72,student72@engg.edu,Mechanical,"Cloud, Robotics",2,"90,52,15,75,86",0.73
73,Student_73,student73@engg.edu,Electronics,"Robotics, Automation, Networking",3,"7,71,48,75,31,45,165",0.55
74,Student_74,student74@engg.edu,Computer Science,"Automation, Sustainability, Embedded Systems",2,"22,18,46,127,5",0.55
75,Student_75,student75@engg.edu,Electronics,"Automation, Networking, Machine Learning, Web Development",4,,0.83
76,Student_76,student76@engg.edu,Computer Science,"Sustainability, IoT, AI, Embedded Systems",4,"191,23",0.85
77,Student_77,student77@engg.edu,Electrical,"Power Systems, 3D Printing",4,"54,60,157",0.73
78,Student_78,student78@engg.edu,Civil,"Cybersecurity, IoT, Cloud, Machine Learning",4,184,0.78
79,Student_79,student79@engg.edu,Civil,"IoT, AI, CAD",3,"80,171,20",0.9
80,Student_80,student80@engg.edu,Electronics,"Automation, Power Systems, Cybersecurity",2,"23,86,88",0.86
81,Student_81,student81@engg.edu,Electrical,"Networking, Cloud, Power Systems, CAD",1,"125,80",0.65
82,Student_82,student82@engg.edu,Electrical,"Cloud, Cybersecurity, Sustainability, Automation",3,,0.71
83,Student_83,student83@engg.edu,Civil,"IoT, Web Development, Power Systems, CAD",1,"105,62,134,72,88",0.86
84,Student_84,student84@engg.edu,Electronics,"Power Systems, 3D Printing",4,36,0.64
85,Student_85,student85@engg.edu,Mechanical,"Automation, Cybersecurity, Machine Learning, Cloud",3,"1,84,199",0.51
86,Student_86,student86@engg.edu,Mechanical,"Cybersecurity, AI",2,"32,12,93,51,21,62,188",0.82
87,Student_87,student87@engg.edu,Electrical,"Web Development, AI",3,95,0.59
88,Student_88,student88@engg.edu,Computer Science,"Web Development, CAD, Machine Learning",1,"1,39,10,66,31,24,170",0.79
89,Student_89,student89@engg.edu,Civil,"Robotics, Web Development",4,73,0.8
90,Student_90,student90@engg.edu,Mechanical,"Networking, 3D Printing",4,"13,65,119",0.65
91,Student_91,student91@engg.edu,Mechanical,"Automation, Power Systems",2,"105,156,147,59",0.63
92,Student_92,student92@engg.edu,Computer Science,"Cloud, Robotics",4,"118,83,51,10,35",0.84
93,Student_93,student93@engg.edu,Electrical,"AI, Cloud, Cybersecurity",2,"27,106",0.96
94,Student_94,student94@engg.edu,Civil,"Sustainability, Networking, Cloud, Embedded Systems",2,"73,172,47",0.95
95,Student_95,student95@engg.edu,Information Technology,"AI, Robotics",3,161,0.72
96,Student_96,student96@engg.edu,Electrical,"Cybersecurity, Power Systems, Embedded Systems, Web Development",1,144,0.94
97,Student_97,student97@engg.edu,Civil,"Automation, Cybersecurity, AI",1,"191,41",1
98,Student_98,student98@engg.edu,Civil,"Automation, AI, Robotics",3,"34,95,65,22",0.59
99,Student_99,student99@engg.edu,Mechanical,"Sustainability, CAD, Machine Learning",3,"105,129,3,7",0.84
100,Student_100,student100@engg.edu,Information Technology,"Embedded Systems, Power Systems, CAD",1,"156,45",0.73
101,Student_101,student101@engg.edu,Electronics,"IoT, Machine Learning, Embedded Systems",4,"76,149",0.71
102,Student_102,student102@engg.edu,Information Technology,"IoT, Automation, CAD, Sustainability",3,"1,70,140",0.77
103,Student_103,student103@engg.edu,Electronics,"Power Systems, CAD, Machine Learning",2,"1,50,18,79,55,71,64,19,00,00,00,000",0.85
104,Student_104,student104@engg.edu,Electronics,"AI, 3D Printing, Embedded Systems, Machine Learning",4,27,0.97
105,Student_105,student105@engg.edu,Civil,"CAD, Power Systems",4,"2,21,01,174",0.92
106,Student_106,student106@engg.edu,Electrical,"CAD, 3D Printing",2,"16,11,01,13,169",0.93
107,Student_107,student107@engg.edu,Electronics,"IoT, Networking, 3D Printing",3,"48,64,148,69,88",0.92
108,Student_108,student108@engg.edu,Mechanical,"CAD, Robotics, Web Development, 3D Printing",4,"108,187,69,34",0.73
109,Student_109,student109@engg.edu,Electronics,"Power Systems, Cloud",1,"33,24,16",0.66
110,Student_110,student110@engg.edu,Electrical,"Networking, Embedded Systems, Web Development, Sustainability",3,141,0.93
111,Student_111,student111@engg.edu,Electrical,"3D Printing, CAD",4,"1,98,168",0.94
112,Student_112,student112@engg.edu,Information Technology,"CAD, Networking",4,"31,92,42",0.82
113,Student_113,student113@engg.edu,Electronics,"Web Development, 3D Printing, Embedded Systems, IoT",1,5,0.81
114,Student_114,student114@engg.edu,Information Technology,"Sustainability, Cybersecurity, Cloud, Machine Learning",1,"17,75,56,74",0.72
115,Student_115,student115@engg.edu,Civil,"AI, Web Development, IoT",3,"195,7",0.72
116,Student_116,student116@engg.edu,Information Technology,"Embedded Systems, Automation, Sustainability, Robotics",4,"110,80,87",0.81
117,Student_117,student117@engg.edu,Information Technology,"Automation, Robotics, Cloud",3,"78,75,11",0.83
118,Student_118,student118@engg.edu,Electrical,"Sustainability, 3D Printing, Robotics",3,"57,50,184",0.82
119,Student_119,student119@engg.edu,Electrical,"Cybersecurity, CAD, Web Development, Cloud",2,"7,02,91,93,137",0.69
120,Student_120,student120@engg.edu,Electronics,"Cybersecurity, Power Systems, Web Development, AI",1,"20,07,91,30,89,72,170",0.96
121,Student_121,student121@engg.edu,Civil,"Web Development, Cybersecurity, Cloud",2,59,0.81
122,Student_122,student122@engg.edu,Civil,"Networking, Sustainability, Web Development, Robotics",3,118,0.89
123,Student_123,student123@engg.edu,Computer Science,"IoT, Power Systems, Robotics, Machine Learning",2,"160,41",0.6
124,Student_124,student124@engg.edu,Mechanical,"3D Printing, Web Development, Cybersecurity",4,"55,72,108",0.98
125,Student_125,student125@engg.edu,Electronics,"Web Development, IoT, Machine Learning, CAD",2,"19,86,12,93",0.93
126,Student_126,student126@engg.edu,Civil,"Embedded Systems, Networking, 3D Printing, IoT",1,"27,195,175,7,159,194,166",0.63
127,Student_127,student127@engg.edu,Computer Science,"IoT, Sustainability, Power Systems",3,"123,96,6,97",0.55
128,Student_128,student128@engg.edu,Information Technology,"AI, Automation, 3D Printing",1,"48,49",0.82
129,Student_129,student129@engg.edu,Electrical,"Cybersecurity, Sustainability, Embedded Systems, Machine Learning",3,108,1
130,Student_130,student130@engg.edu,Computer Science,"Cloud, 3D Printing",3,"154,23,8,64,39,108",0.84
131,Student_131,student131@engg.edu,Civil,"3D Printing, Embedded Systems, Automation, Robotics",4,"15,100,86",0.97
132,Student_132,student132@engg.edu,Electronics,"Power Systems, IoT",2,"6,91,67,166",0.93
133,Student_133,student133@engg.edu,Computer Science,"IoT, 3D Printing, Sustainability, Web Development",2,"89,33,96,158",0.98
134,Student_134,student134@engg.edu,Electrical,"Sustainability, Cloud",3,"176,55",0.62
135,Student_135,student135@engg.edu,Information Technology,"Cloud, Machine Learning, 3D Printing, Web Development",2,"85,51,16,160",0.89
136,Student_136,student136@engg.edu,Mechanical,"Cybersecurity, Robotics",2,,0.55
137,Student_137,student137@engg.edu,Computer Science,"AI, IoT",1,,0.59
138,Student_138,student138@engg.edu,Computer Science,"Power Systems, Embedded Systems",4,"1,81,100",0.89
139,Student_139,student139@engg.edu,Mechanical,"Machine Learning, CAD, 3D Printing, Cloud",3,5,0.73
140,Student_140,student140@engg.edu,Computer Science,"CAD, Embedded Systems",4,"42,96,83",0.54
141,Student_141,student141@engg.edu,Computer Science,"Automation, Robotics, Machine Learning",3,,0.69
142,Student_142,student142@engg.edu,Mechanical,"Cybersecurity, CAD, 3D Printing, Automation",1,19,0.93
143,Student_143,student143@engg.edu,Civil,"Power Systems, Cloud, Embedded Systems, CAD",4,"1,03,15,35,197",0.7
144,Student_144,student144@engg.edu,Civil,"IoT, Embedded Systems",2,"12,142",0.84
145,Student_145,student145@engg.edu,Electrical,"Machine Learning, Web Development",3,"1,88,189",0.91
146,Student_146,student146@engg.edu,Mechanical,"Automation, 3D Printing",3,"118,150,186,8",0.94
147,Student_147,student147@engg.edu,Electrical,"AI, Cybersecurity, Automation, Networking",2,"1,45,111",0.58
148,Student_148,student148@engg.edu,Electrical,"Web Development, Machine Learning",1,"157,46,3,79",0.88
149,Student_149,student149@engg.edu,Mechanical,"Networking, Embedded Systems",1,59,0.8
150,Student_150,student150@engg.edu,Civil,"Cybersecurity, AI, Robotics, Web Development",1,"140,51,112,47,178,84,55",0.59
151,Student_151,student151@engg.edu,Information Technology,"Sustainability, Embedded Systems, Machine Learning, Robotics",2,"1,70,13,61,49,134",0.69
152,Student_152,student152@engg.edu,Electrical,"Robotics, IoT, Cybersecurity",1,"1,81,14,01,16,167",0.94
153,Student_153,student153@engg.edu,Information Technology,"Networking, Automation",3,"59,108,67",0.72
154,Student_154,student154@engg.edu,Electrical,"Automation, CAD, Embedded Systems",1,"1,92,155",0.67
155,Student_155,student155@engg.edu,Computer Science,"Sustainability, Web Development, Automation",1,"35,145,42",0.61
156,Student_156,student156@engg.edu,Mechanical,"AI, Cloud",3,"9,02,88,21,38,185",0.64
157,Student_157,student157@engg.edu,Computer Science,"CAD, Power Systems",2,"195,97",0.75
158,Student_158,student158@engg.edu,Civil,"Machine Learning, Embedded Systems, Power Systems",4,"1,12,25,24,166",0.96
159,Student_159,student159@engg.edu,Electronics,"Embedded Systems, Automation, Web Development, Sustainability",1,"89,17,14,51,05,63,37,100",0.98
160,Student_160,student160@engg.edu,Information Technology,"CAD, Power Systems, IoT, Machine Learning",4,,0.79
161,Student_161,student161@engg.edu,Mechanical,"Embedded Systems, Cybersecurity",1,"8,01,57,130",0.76
162,Student_162,student162@engg.edu,Computer Science,"3D Printing, Cloud, IoT, Power Systems",1,"31,114",0.57
163,Student_163,student163@engg.edu,Information Technology,"Automation, Robotics",4,"37,167",0.73
164,Student_164,student164@engg.edu,Mechanical,"CAD, Sustainability, Automation, Networking",2,"125,47",0.72
165,Student_165,student165@engg.edu,Electrical,"Sustainability, Cybersecurity, Networking",3,"28,109,43",0.73
166,Student_166,student166@engg.edu,Computer Science,"IoT, Cybersecurity",1,195,0.81
167,Student_167,student167@engg.edu,Mechanical,"CAD, Automation, 3D Printing",2,53,0.66
168,Student_168,student168@engg.edu,Electrical,"Robotics, AI, CAD, Machine Learning",2,"82,147",0.52
169,Student_169,student169@engg.edu,Civil,"CAD, 3D Printing, Networking",4,"98,88,134",0.7
170,Student_170,student170@engg.edu,Electronics,"Automation, AI, Sustainability, Power Systems",4,"6,125",0.64
171,Student_171,student171@engg.edu,Civil,"Automation, Robotics, IoT, Machine Learning",4,47,0.56
172,Student_172,student172@engg.edu,Civil,"Cybersecurity, 3D Printing",2,"142,9",0.84
173,Student_173,student173@engg.edu,Civil,"3D Printing, Machine Learning, Sustainability, Power Systems",3,"147,197,109,20,114,50",0.65
174,Student_174,student174@engg.edu,Information Technology,"Networking, CAD, Cloud",1,"1,49,24,11,51,62,77,53,00,00,00,000",0.65
175,Student_175,student175@engg.edu,Computer Science,"Networking, 3D Printing, Power Systems, Web Development",2,"193,103,131,31",0.8
176,Student_176,student176@engg.edu,Information Technology,"Robotics, Power Systems",1,"83,119,78,66,45,84",0.71
177,Student_177,student177@engg.edu,Civil,"Cloud, CAD, Automation, Cybersecurity",2,,0.65
178,Student_178,student178@engg.edu,Electrical,"IoT, Sustainability",4,"121,92",0.75
179,Student_179,student179@engg.edu,Electrical,"Web Development, Cloud",4,,0.94
180,Student_180,student180@engg.edu,Mechanical,"Power Systems, 3D Printing",2,52,0.64
181,Student_181,student181@engg.edu,Mechanical,"Web Development, Embedded Systems",4,"174,164,84",0.94
182,Student_182,student182@engg.edu,Computer Science,"AI, Embedded Systems, 3D Printing",3,24,0.61
183,Student_183,student183@engg.edu,Electronics,"Web Development, Power Systems",1,"1,75,163",0.64
184,Student_184,student184@engg.edu,Electrical,"Web Development, Robotics, Power Systems, CAD",1,"63,178",0.63
185,Student_185,student185@engg.edu,Information Technology,"Power Systems, Automation, 3D Printing, Embedded Systems",2,"17,71,00,114",0.65
186,Student_186,student186@engg.edu,Computer Science,"Embedded Systems, Sustainability",1,"1,31,10,41,15,166",0.82
187,Student_187,student187@engg.edu,Mechanical,"Power Systems, Robotics",3,"36,77,53",0.62
188,Student_188,student188@engg.edu,Electrical,"Sustainability, Web Development",1,"2,61,21,18,31,95,172",0.98
189,Student_189,student189@engg.edu,Mechanical,"Networking, 3D Printing, Web Development, AI",4,"1,88,109",0.99
190,Student_190,student190@engg.edu,Electronics,"AI, IoT, Machine Learning, Networking",1,"12,81,40,199",0.89
191,Student_191,student191@engg.edu,Civil,"Robotics, AI, IoT",4,"91,4",0.99
192,Student_192,student192@engg.edu,Electrical,"Robotics, Networking, Web Development, Machine Learning",2,"138,137,14",0.52
193,Student_193,student193@engg.edu,Information Technology,"IoT, Cybersecurity",3,"141,120,75",0.52
194,Student_194,student194@engg.edu,Civil,"Cybersecurity, IoT",3,150,0.64
195,Student_195,student195@engg.edu,Electronics,"Embedded Systems, Power Systems, CAD",4,37,0.68
196,Student_196,student196@engg.edu,Mechanical,"Networking, Machine Learning, Power Systems",2,"1,29,186",0.77
197,Student_197,student197@engg.edu,Electronics,"Machine Learning, IoT",4,"56,129,77",0.58
198,Student_198,student198@engg.edu,Electrical,"CAD, AI, Power Systems",1,70,0.54
199,Student_199,student199@engg.edu,Civil,"IoT, 3D Printing, Power Systems",4,"34,177,31,32",0.52
200,Student_200,student200@engg.edu,Computer Science,"Networking, Sustainability",1,"140,32,82",0.8
201,Student_201,student201@engg.edu,Civil,"IoT, Web Development, CAD",3,"48,105",0.7
202,Student_202,student202@engg.edu,Civil,"Cloud, Machine Learning, AI",1,"4,44,25,93,81,38,183",0.63
203,Student_203,student203@engg.edu,Electronics,"CAD, Cloud, Automation, Cybersecurity",2,99,0.93
204,Student_204,student204@engg.edu,Electrical,"Power Systems, CAD",3,37,0.83
205,Student_205,student205@engg.edu,Civil,"3D Printing, Web Development",2,"1,38,100",0.9
206,Student_206,student206@engg.edu,Mechanical,"Machine Learning, Cloud",4,126,0.51
207,Student_207,student207@engg.edu,Mechanical,"IoT, CAD, 3D Printing, Robotics",4,,1
208,Student_208,student208@engg.edu,Civil,"3D Printing, Embedded Systems, Networking",1,,0.72
209,Student_209,student209@engg.edu,Civil,"IoT, Robotics, 3D Printing, Sustainability",1,76,0.92
210,Student_210,student210@engg.edu,Mechanical,"Cybersecurity, Robotics",2,"175,63",0.67
211,Student_211,student211@engg.edu,Mechanical,"Web Development, Machine Learning, Cybersecurity",3,,0.56
212,Student_212,student212@engg.edu,Electronics,"3D Printing, Machine Learning, Web Development, Sustainability",2,"109,99,52",0.59
213,Student_213,student213@engg.edu,Mechanical,"Automation, IoT, Web Development, AI",3,"1,17,129",0.83
214,Student_214,student214@engg.edu,Mechanical,"Automation, Sustainability, AI",3,"1,51,22,102",0.82
215,Student_215,student215@engg.edu,Electronics,"Cloud, Networking, Sustainability",1,"1,185,78,5",0.58
216,Student_216,student216@engg.edu,Electrical,"CAD, Cloud, IoT",3,104,0.99
217,Student_217,student217@engg.edu,Information Technology,"3D Printing, Web Development, Machine Learning",3,"1,39,19",0.72
218,Student_218,student218@engg.edu,Information Technology,"AI, Cybersecurity",2,"1,67,11,61,65,153",0.98
219,Student_219,student219@engg.edu,Information Technology,"Automation, Power Systems, IoT",4,"91,41,20,163",1
220,Student_220,student220@engg.edu,Electrical,"Cybersecurity, CAD, AI",4,"43,66,45,154,87",0.98
221,Student_221,student221@engg.edu,Information Technology,"IoT, AI, Networking, Cybersecurity",4,21,0.64
222,Student_222,student222@engg.edu,Computer Science,"Embedded Systems, Robotics",4,122,0.68
223,Student_223,student223@engg.edu,Electrical,"Automation, 3D Printing",3,"56,1,19,131,59",0.54
224,Student_224,student224@engg.edu,Mechanical,"Networking, 3D Printing, Cybersecurity",1,,0.7
225,Student_225,student225@engg.edu,Electronics,"IoT, Networking, Robotics, Cloud",1,"105,153,19",0.52
226,Student_226,student226@engg.edu,Civil,"Networking, CAD, 3D Printing",2,60,0.66
227,Student_227,student227@engg.edu,Mechanical,"Robotics, Embedded Systems, Automation",4,"1,60,81,69,167",0.85
228,Student_228,student228@engg.edu,Electronics,"Web Development, AI, IoT",3,,0.9
229,Student_229,student229@engg.edu,Civil,"Sustainability, AI, Automation, CAD",2,"144,163,155,85",0.86
230,Student_230,student230@engg.edu,Mechanical,"Robotics, 3D Printing, Sustainability",2,"1,21,18,81,06,133",0.52
231,Student_231,student231@engg.edu,Civil,"Cloud, AI",4,"143,68",0.85
232,Student_232,student232@engg.edu,Electrical,"Networking, Automation, CAD, AI",3,"10,63",1
233,Student_233,student233@engg.edu,Electrical,"Embedded Systems, IoT, Robotics, CAD",3,"138,106,94,96",0.81
234,Student_234,student234@engg.edu,Information Technology,"Cybersecurity, 3D Printing",3,"84,48,40",0.85
235,Student_235,student235@engg.edu,Civil,"CAD, IoT, Web Development, Networking",3,"66,187,53",0.56
236,Student_236,student236@engg.edu,Civil,"Embedded Systems, Web Development, IoT, Robotics",1,"1,51,144",0.67
237,Student_237,student237@engg.edu,Electrical,"Cybersecurity, Power Systems, CAD, Cloud",3,"77,125,105,69",0.97
238,Student_238,student238@engg.edu,Civil,"Robotics, Machine Learning, Automation",2,"98,130,2",0.82
239,Student_239,student239@engg.edu,Computer Science,"Embedded Systems, IoT",1,84,0.98
240,Student_240,student240@engg.edu,Information Technology,"Sustainability, CAD, Networking",3,"17,21,78,147",0.82
241,Student_241,student241@engg.edu,Computer Science,"Automation, Cloud, 3D Printing, AI",2,"35,200",0.97
242,Student_242,student242@engg.edu,Computer Science,"Networking, CAD, Robotics",3,"1,82,173",0.78
243,Student_243,student243@engg.edu,Computer Science,"Cybersecurity, CAD, Sustainability",4,"72,196",0.64
244,Student_244,student244@engg.edu,Computer Science,"Robotics, Power Systems, CAD",3,"147,149,3,86,18,44,131",0.9
245,Student_245,student245@engg.edu,Mechanical,"Networking, Cloud, Robotics, Automation",3,,0.54
246,Student_246,student246@engg.edu,Civil,"Robotics, Web Development",3,"108,7,3,156,105",0.69
247,Student_247,student247@engg.edu,Electrical,"IoT, Cybersecurity, Automation",3,"37,83",0.85
248,Student_248,student248@engg.edu,Computer Science,"Machine Learning, CAD, Cybersecurity, Robotics",3,"1,59,179",0.85
249,Student_249,student249@engg.edu,Civil,"IoT, Automation, Cloud",2,"89,01,91,97,14,11,85,100",0.73
250,Student_250,student250@engg.edu,Mechanical,"Embedded Systems, Power Systems, 3D Printing",2,"43,178",0.88
251,Student_251,student251@engg.edu,Civil,"Web Development, Networking, Machine Learning, 3D Printing",1,,0.96
252,Student_252,student252@engg.edu,Computer Science,"Web Development, 3D Printing",2,"13,109,76",0.66
253,Student_253,student253@engg.edu,Mechanical,"Machine Learning, Sustainability, Cloud",4,191,0.9
254,Student_254,student254@engg.edu,Electrical,"3D Printing, Embedded Systems",4,"1,53,49,125",0.84
255,Student_255,student255@engg.edu,Electronics,"AI, Embedded Systems, Cybersecurity, Web Development",4,"78,111",0.67
256,Student_256,student256@engg.edu,Computer Science,"AI, Machine Learning, CAD, Web Development",2,146,0.88
257,Student_257,student257@engg.edu,Civil,"Embedded Systems, IoT, Web Development, CAD",2,41,0.83
258,Student_258,student258@engg.edu,Electronics,"Robotics, 3D Printing",2,4,0.92
259,Student_259,student259@engg.edu,Computer Science,"CAD, Sustainability, Power Systems",2,3,0.73
260,Student_260,student260@engg.edu,Information Technology,"Cloud, Power Systems, Machine Learning",4,"6,144",0.81
261,Student_261,student261@engg.edu,Computer Science,"Cloud, Machine Learning",4,"10,91,70,14,51,80,146",0.8
262,Student_262,student262@engg.edu,Civil,"Cloud, Power Systems",2,"157,49",0.77
263,Student_263,student263@engg.edu,Computer Science,"3D Printing, Cybersecurity",3,"5,61,85,161",0.79
264,Student_264,student264@engg.edu,Civil,"Cloud, Cybersecurity, Robotics",3,"22,82",0.53
265,Student_265,student265@engg.edu,Mechanical,"Robotics, Sustainability, Networking, Embedded Systems",4,"89,175",0.89
266,Student_266,student266@engg.edu,Electronics,"Embedded Systems, Web Development, Robotics, Cybersecurity",4,,0.62
267,Student_267,student267@engg.edu,Information Technology,"Web Development, Power Systems, Robotics",4,65,0.98
268,Student_268,student268@engg.edu,Mechanical,"Robotics, Embedded Systems, Cloud, Cybersecurity",1,85,0.96
269,Student_269,student269@engg.edu,Electronics,"3D Printing, Power Systems",4,"57,184,67,61,73",0.84
270,Student_270,student270@engg.edu,Mechanical,"Web Development, Machine Learning",2,"51,31,68,109",0.74
271,Student_271,student271@engg.edu,Electronics,"AI, Cloud, Networking",2,"97,200,96",0.85
272,Student_272,student272@engg.edu,Civil,"Embedded Systems, Cloud",4,"148,181,83,4",0.77
273,Student_273,student273@engg.edu,Electronics,"Cybersecurity, IoT, 3D Printing",4,"1,27,86,184",0.88
274,Student_274,student274@engg.edu,Electronics,"IoT, Web Development",2,"176,98",0.51
275,Student_275,student275@engg.edu,Mechanical,"Automation, Power Systems, Embedded Systems, Cybersecurity",2,"13,71,74,133",0.69
276,Student_276,student276@engg.edu,Information Technology,"3D Printing, Sustainability, Networking",4,"11,11,18,138",0.73
277,Student_277,student277@engg.edu,Civil,"Robotics, Web Development, Power Systems",1,"1,55,90,105",0.76
278,Student_278,student278@engg.edu,Computer Science,"AI, Networking, Web Development, Embedded Systems",2,"4,143,89,160,85,111,21",0.53
279,Student_279,student279@engg.edu,Information Technology,"Cloud, 3D Printing",4,87,0.83
280,Student_280,student280@engg.edu,Computer Science,"3D Printing, Web Development",3,"1,28,64,139",0.77
281,Student_281,student281@engg.edu,Electronics,"3D Printing, Power Systems",1,"148,24",0.76
282,Student_282,student282@engg.edu,Information Technology,"Automation, 3D Printing",4,"14,31,74,192",0.54
283,Student_283,student283@engg.edu,Electrical,"Automation, Cloud, Power Systems",1,"1,68,21,34,198",0.83
284,Student_284,student284@engg.edu,Civil,"Machine Learning, Embedded Systems",1,"55,198,31,133,43,45",0.82
285,Student_285,student285@engg.edu,Civil,"Machine Learning, CAD",1,"91,198,119,81,31,55",0.95
286,Student_286,student286@engg.edu,Computer Science,"Cloud, Power Systems",3,"172,118,38",0.95
287,Student_287,student287@engg.edu,Mechanical,"AI, Robotics, IoT, Web Development",4,"15,71,00,170",0.96
288,Student_288,student288@engg.edu,Electronics,"Automation, Cloud",3,139,0.69
289,Student_289,student289@engg.edu,Civil,"Networking, Power Systems",1,,0.55
290,Student_290,student290@engg.edu,Information Technology,"IoT, Automation",1,"199,177,171,4",0.82
291,Student_291,student291@engg.edu,Electrical,"Cloud, IoT, 3D Printing",4,21,0.54
292,Student_292,student292@engg.edu,Mechanical,"Networking, Cloud, Power Systems",2,"168,154,76,186,172,57",0.69
293,Student_293,student293@engg.edu,Civil,"Power Systems, Embedded Systems",1,"155,141,23,133,32",0.97
294,Student_294,student294@engg.edu,Electrical,"Networking, Cybersecurity, Machine Learning",4,,0.72
295,Student_295,student295@engg.edu,Mechanical,"Embedded Systems, Machine Learning, AI, Networking",3,51,0.93
296,Student_296,student296@engg.edu,Computer Science,"Embedded Systems, Web Development, Machine Learning",2,56,0.84
297,Student_297,student297@engg.edu,Information Technology,"Cybersecurity, Web Development",2,"153,98",0.72
298,Student_298,student298@engg.edu,Electrical,"CAD, Networking, Machine Learning",4,"1,91,121",0.8
299,Student_299,student299@engg.edu,Information Technology,"Machine Learning, Robotics, Cybersecurity",4,196,0.9
300,Student_300,student300@engg.edu,Electronics,"IoT, Embedded Systems, Sustainability",2,"140,126,4,8,1",0.74
301,Student_301,student301@engg.edu,Information Technology,"IoT, Cybersecurity, Power Systems",3,"76,68,86,114",0.69
302,Student_302,student302@engg.edu,Electrical,"Machine Learning, Automation, Cloud",1,"1,78,14,73,82,36,46,160",0.98
303,Student_303,student303@engg.edu,Electrical,"Cloud, CAD, Cybersecurity, Machine Learning",3,"53,132",0.62
304,Student_304,student304@engg.edu,Civil,"Power Systems, Embedded Systems",4,"7,14,34",0.79
305,Student_305,student305@engg.edu,Mechanical,"Web Development, Power Systems, Embedded Systems, 3D Printing",1,,0.55
306,Student_306,student306@engg.edu,Information Technology,"Sustainability, IoT, Robotics, Web Development",4,"5,15,48,01,19,126",0.98
307,Student_307,student307@engg.edu,Electronics,"Machine Learning, AI, Web Development",2,191,0.72
308,Student_308,student308@engg.edu,Electrical,"Networking, Sustainability, Automation",4,112,0.55
309,Student_309,student309@engg.edu,Electrical,"Machine Learning, Power Systems",3,43,0.73
310,Student_310,student310@engg.edu,Information Technology,"CAD, IoT, Web Development, Machine Learning",3,"47,12",0.53
311,Student_311,student311@engg.edu,Computer Science,"Machine Learning, AI, IoT, Sustainability",2,70,0.96
312,Student_312,student312@engg.edu,Civil,"3D Printing, Robotics",4,"8,22,55",0.62
313,Student_313,student313@engg.edu,Electrical,"Robotics, Web Development, Sustainability, Power Systems",2,"99,8",0.72
314,Student_314,student314@engg.edu,Electrical,"AI, Power Systems, Cloud",1,"52,39",0.79
315,Student_315,student315@engg.edu,Mechanical,"IoT, Web Development",3,"48,66,52",0.84
316,Student_316,student316@engg.edu,Electrical,"Sustainability, IoT, Automation, Embedded Systems",3,193,0.92
317,Student_317,student317@engg.edu,Mechanical,"Web Development, Sustainability",1,"22,73,106",0.84
318,Student_318,student318@engg.edu,Electronics,"Cloud, Cybersecurity",2,"81,16,133",0.76
319,Student_319,student319@engg.edu,Electrical,"Robotics, Automation, Embedded Systems, Power Systems",2,183,0.78
320,Student_320,student320@engg.edu,Electrical,"Robotics, Web Development, IoT",1,"181,149,44,95",0.74
321,Student_321,student321@engg.edu,Information Technology,"3D Printing, Web Development, Sustainability",4,"61,24,65,140",0.86
322,Student_322,student322@engg.edu,Electrical,"Robotics, Machine Learning, Automation",2,"131,166,11",0.65
323,Student_323,student323@engg.edu,Electronics,"3D Printing, Cybersecurity",4,178,0.77
324,Student_324,student324@engg.edu,Computer Science,"Machine Learning, Cybersecurity, 3D Printing, IoT",4,74,0.77
325,Student_325,student325@engg.edu,Electrical,"Power Systems, Sustainability",1,,0.72
326,Student_326,student326@engg.edu,Electronics,"CAD, Machine Learning",3,44,0.93
327,Student_327,student327@engg.edu,Mechanical,"Embedded Systems, Robotics, Automation, Networking",1,"98,7,120",0.79
328,Student_328,student328@engg.edu,Mechanical,"Automation, 3D Printing, Robotics",3,"1,96,16,95,93,41,71,110",0.98
329,Student_329,student329@engg.edu,Mechanical,"Web Development, Machine Learning, Robotics, Embedded Systems",2,"160,34,41",0.85
330,Student_330,student330@engg.edu,Information Technology,"Robotics, Power Systems",4,"1,17,01,21,86,191",0.74
331,Student_331,student331@engg.edu,Mechanical,"Cybersecurity, Sustainability, Embedded Systems, Power Systems",1,40,0.7
332,Student_332,student332@engg.edu,Civil,"Power Systems, IoT, CAD",1,"1,84,41,30,176",0.87
333,Student_333,student333@engg.edu,Electrical,"Sustainability, Power Systems, IoT, Machine Learning",4,"15,50,140,6",0.63
334,Student_334,student334@engg.edu,Electronics,"3D Printing, Automation, Robotics",1,"53,119",0.52
335,Student_335,student335@engg.edu,Civil,"AI, Machine Learning, Robotics",2,"1,97,134",1
336,Student_336,student336@engg.edu,Information Technology,"Cybersecurity, Robotics, Web Development, Machine Learning",2,"83,120,56",0.53
337,Student_337,student337@engg.edu,Civil,"Power Systems, Web Development, Cloud",1,"151,189,161,56",0.5
338,Student_338,student338@engg.edu,Electrical,"Robotics, Automation",4,"48,140,5",0.5
339,Student_339,student339@engg.edu,Civil,"Web Development, Machine Learning, Embedded Systems",4,"1,89,16,21,06,107",0.54
340,Student_340,student340@engg.edu,Computer Science,"IoT, Web Development",2,"1,55,17,01,17,177",0.82
341,Student_341,student341@engg.edu,Civil,"Machine Learning, 3D Printing",4,,0.68
342,Student_342,student342@engg.edu,Information Technology,"Power Systems, Robotics, Embedded Systems, Automation",1,"4,61,99,114",0.57
343,Student_343,student343@engg.edu,Computer Science,"Power Systems, Embedded Systems, IoT, Networking",3,,0.82
344,Student_344,student344@engg.edu,Information Technology,"Automation, Web Development, Power Systems, Networking",3,79,0.6
345,Student_345,student345@engg.edu,Mechanical,"Cloud, Power Systems, Embedded Systems, Cybersecurity",4,113,0.69
346,Student_346,student346@engg.edu,Information Technology,"Sustainability, Automation, Machine Learning",2,,0.69
347,Student_347,student347@engg.edu,Mechanical,"IoT, 3D Printing, Sustainability",1,"129,195,53,55",0.51
348,Student_348,student348@engg.edu,Computer Science,"Cybersecurity, Cloud",4,"13,31,26,180",0.75
349,Student_349,student349@engg.edu,Civil,"3D Printing, Networking, Embedded Systems, Power Systems",2,83,0.64
350,Student_350,student350@engg.edu,Electronics,"3D Printing, Cloud",4,"125,195,43,72",0.79
351,Student_351,student351@engg.edu,Civil,"Sustainability, Machine Learning, Cybersecurity, Embedded Systems",1,,0.96
352,Student_352,student352@engg.edu,Computer Science,"Automation, Web Development, AI",2,"178,74",0.56
353,Student_353,student353@engg.edu,Civil,"Power Systems, AI",3,"196,147,50",0.58
354,Student_354,student354@engg.edu,Information Technology,"Networking, Cybersecurity, Power Systems, Machine Learning",4,"37,150",0.64
355,Student_355,student355@engg.edu,Computer Science,"Power Systems, Automation, Sustainability",3,"131,29,108,62",0.53
356,Student_356,student356@engg.edu,Mechanical,"IoT, Robotics",1,,0.61
357,Student_357,student357@engg.edu,Mechanical,"AI, Web Development",3,144,0.69
358,Student_358,student358@engg.edu,Information Technology,"Web Development, AI",4,"154,151,63,22",0.61
359,Student_359,student359@engg.edu,Information Technology,"Power Systems, IoT, Cybersecurity",1,"107,28",0.75
360,Student_360,student360@engg.edu,Computer Science,"Cloud, Networking",3,"104,2",0.89
361,Student_361,student361@engg.edu,Electronics,"Machine Learning, 3D Printing, CAD",3,45,0.78
362,Student_362,student362@engg.edu,Electronics,"Automation, Cloud, CAD, IoT",2,"142,136,114,82,70",0.58
363,Student_363,student363@engg.edu,Electrical,"Cloud, 3D Printing",1,,0.98
364,Student_364,student364@engg.edu,Computer Science,"Embedded Systems, Power Systems, Networking, Cybersecurity",2,"193,49",0.71
365,Student_365,student365@engg.edu,Computer Science,"Power Systems, Cybersecurity",4,"66,135",0.85
366,Student_366,student366@engg.edu,Electronics,"Power Systems, Machine Learning, Automation",4,"11,71,95,92,198",0.54
367,Student_367,student367@engg.edu,Mechanical,"Embedded Systems, Sustainability",3,146,0.93
368,Student_368,student368@engg.edu,Electrical,"Web Development, Power Systems, IoT, Networking",2,144,0.57
369,Student_369,student369@engg.edu,Mechanical,"Robotics, Machine Learning",3,"1,64,72,27,176",0.7
370,Student_370,student370@engg.edu,Mechanical,"Networking, Cloud, CAD",1,"66,1,10",0.58
371,Student_371,student371@engg.edu,Civil,"Web Development, Power Systems, Networking",1,"97,127,3,192,46",0.86
372,Student_372,student372@engg.edu,Electronics,"3D Printing, AI, Sustainability",1,168,0.98
373,Student_373,student373@engg.edu,Electrical,"Power Systems, 3D Printing, Cloud, Machine Learning",2,"94,15,11,78,134",0.56
374,Student_374,student374@engg.edu,Computer Science,"Robotics, Cloud",1,"1,63,145",0.79
375,Student_375,student375@engg.edu,Electronics,"AI, Machine Learning",4,"37,16,41,32,51,199",0.9
376,Student_376,student376@engg.edu,Computer Science,"Machine Learning, AI, CAD",4,"64,140,57",0.91
377,Student_377,student377@engg.edu,Electrical,"AI, Embedded Systems, Sustainability",2,"151,46,62,39",0.64
378,Student_378,student378@engg.edu,Electrical,"AI, Automation",4,"1,51,11,26,132",0.71
379,Student_379,student379@engg.edu,Mechanical,"AI, Machine Learning, Cybersecurity",2,,0.82
380,Student_380,student380@engg.edu,Mechanical,"Embedded Systems, Networking",3,"1,90,153",0.96
381,Student_381,student381@engg.edu,Mechanical,"Embedded Systems, Cybersecurity, Robotics",2,"61,92,167,69",0.51
382,Student_382,student382@engg.edu,Electronics,"Networking, CAD",2,42,0.55
383,Student_383,student383@engg.edu,Civil,"Cybersecurity, 3D Printing",4,151,0.68
384,Student_384,student384@engg.edu,Information Technology,"Cloud, Automation",3,"21,171",0.96
385,Student_385,student385@engg.edu,Computer Science,"Power Systems, IoT, Automation, Web Development",4,"50,9",0.77
386,Student_386,student386@engg.edu,Information Technology,"AI, Machine Learning, Web Development",1,"84,121,12",0.76
387,Student_387,student387@engg.edu,Computer Science,"Automation, Cloud, Robotics",3,186,0.53
388,Student_388,student388@engg.edu,Information Technology,"Power Systems, Robotics, Machine Learning, 3D Printing",4,"94,107",0.79
389,Student_389,student389@engg.edu,Electronics,"IoT, Robotics, Networking",3,9,0.59
390,Student_390,student390@engg.edu,Mechanical,"Automation, Networking, IoT, Cloud",3,"29,125,23,16",0.87
391,Student_391,student391@engg.edu,Electronics,"Robotics, Power Systems",4,"197,10,141,75",0.93
392,Student_392,student392@engg.edu,Mechanical,"Robotics, Automation",2,190,0.82
393,Student_393,student393@engg.edu,Computer Science,"Robotics, IoT, Power Systems",3,"87,50,39",0.58
394,Student_394,student394@engg.edu,Computer Science,"Sustainability, Web Development, Power Systems, IoT",2,"121,39",0.85
395,Student_395,student395@engg.edu,Electronics,"Networking, Machine Learning, Power Systems",4,"135,96,40",0.87
396,Student_396,student396@engg.edu,Information Technology,"CAD, Embedded Systems, IoT",2,47,0.58
397,Student_397,student397@engg.edu,Computer Science,"Cybersecurity, AI",3,199,0.59
398,Student_398,student398@engg.edu,Electrical,"Power Systems, Machine Learning",4,"1,72,200",0.85
399,Student_399,student399@engg.edu,Electrical,"Robotics, Automation, Embedded Systems, Web Development",2,"115,63,93,16",0.99
400,Student_400,student400@engg.edu,Electrical,"3D Printing, Power Systems, Networking, Web Development",2,133,0.55
401,Student_401,student401@engg.edu,Electrical,"3D Printing, CAD, Robotics, AI",3,95,0.91
402,Student_402,student402@engg.edu,Civil,"CAD, Cloud, Machine Learning, AI",3,,0.99
403,Student_403,student403@engg.edu,Electrical,"Cybersecurity, Networking",3,138,0.55
404,Student_404,student404@engg.edu,Mechanical,"Robotics, IoT, Embedded Systems",3,"135,194,149,54",0.72
405,Student_405,student405@engg.edu,Electronics,"Web Development, Cybersecurity",1,,0.54
406,Student_406,student406@engg.edu,Electronics,"Embedded Systems, Networking, Automation, Cloud",4,186,0.98
407,Student_407,student407@engg.edu,Civil,"Automation, Cloud, CAD",1,"86,44",0.75
408,Student_408,student408@engg.edu,Mechanical,"Sustainability, Automation, Robotics, Machine Learning",2,"194,2,73,12,41,187",0.56
409,Student_409,student409@engg.edu,Electrical,"Sustainability, Embedded Systems",2,"38,53",0.92
410,Student_410,student410@engg.edu,Electronics,"Power Systems, Networking, Machine Learning",4,"126,49",0.78
411,Student_411,student411@engg.edu,Electronics,"CAD, AI, Power Systems, Automation",4,"12,02,41,85,132",0.57
412,Student_412,student412@engg.edu,Mechanical,"Automation, Networking, Machine Learning, Power Systems",3,"54,195",0.94
413,Student_413,student413@engg.edu,Electronics,"Sustainability, CAD, Automation",4,"130,38,194,76",0.57
414,Student_414,student414@engg.edu,Mechanical,"Power Systems, Embedded Systems, AI, Networking",4,"200,136,45",0.96
415,Student_415,student415@engg.edu,Electronics,"IoT, Networking",1,,0.99
416,Student_416,student416@engg.edu,Information Technology,"Cybersecurity, Power Systems",3,"6,91,89,77,192",0.86
417,Student_417,student417@engg.edu,Mechanical,"Machine Learning, Cloud, CAD, Networking",3,"18,86,81,81,101",0.91
418,Student_418,student418@engg.edu,Mechanical,"Machine Learning, Cybersecurity",1,"125,181,6",0.59
419,Student_419,student419@engg.edu,Information Technology,"Cloud, AI",2,"3,71,57,198",0.64
420,Student_420,student420@engg.edu,Electrical,"Embedded Systems, Sustainability, Machine Learning, Networking",4,"1,95,126",0.8
421,Student_421,student421@engg.edu,Information Technology,"Automation, 3D Printing, IoT",1,159,0.64
422,Student_422,student422@engg.edu,Electrical,"Robotics, Automation",2,101,0.84
423,Student_423,student423@engg.edu,Electronics,"Embedded Systems, 3D Printing, AI, Sustainability",2,"8,91,40,181",0.8
424,Student_424,student424@engg.edu,Computer Science,"Cybersecurity, Automation",3,"156,151,93",0.71
425,Student_425,student425@engg.edu,Electrical,"CAD, Cybersecurity, Cloud",4,"44,174",0.79
426,Student_426,student426@engg.edu,Computer Science,"Sustainability, IoT, 3D Printing, Web Development",1,"74,139",0.74
427,Student_427,student427@engg.edu,Electronics,"Sustainability, IoT, Cybersecurity",3,136,0.59
428,Student_428,student428@engg.edu,Mechanical,"AI, Networking",2,"1,78,159",0.86
429,Student_429,student429@engg.edu,Civil,"Cybersecurity, Web Development, Embedded Systems",2,"37,176,84",0.67
430,Student_430,student430@engg.edu,Civil,"Sustainability, 3D Printing",3,"1,95,16,154",0.92
431,Student_431,student431@engg.edu,Civil,"Robotics, Cybersecurity, Machine Learning, CAD",2,"76,192,121,4,14",0.97
432,Student_432,student432@engg.edu,Electronics,"Machine Learning, Cloud, IoT, Networking",3,,0.63
433,Student_433,student433@engg.edu,Electronics,"Web Development, Machine Learning, CAD",1,,0.74
434,Student_434,student434@engg.edu,Information Technology,"Machine Learning, Sustainability, Embedded Systems, 3D Printing",2,11,1
435,Student_435,student435@engg.edu,Electronics,"Automation, CAD, Robotics",1,"166,134,58",0.74
436,Student_436,student436@engg.edu,Civil,"IoT, Sustainability",3,21,0.6
437,Student_437,student437@engg.edu,Information Technology,"Networking, Robotics, CAD, Machine Learning",4,,0.7
438,Student_438,student438@engg.edu,Electrical,"AI, Web Development, 3D Printing",1,"176,164,181,122,152,57",0.95
439,Student_439,student439@engg.edu,Mechanical,"AI, Sustainability",2,"143,1,200",0.61
440,Student_440,student440@engg.edu,Electronics,"Robotics, Machine Learning, Embedded Systems",1,"79,86,157",0.65
441,Student_441,student441@engg.edu,Electronics,"Power Systems, 3D Printing, Automation",3,"8,72,97",1
442,Student_442,student442@engg.edu,Electrical,"Networking, Cloud, Robotics",2,45,0.61
443,Student_443,student443@engg.edu,Computer Science,"3D Printing, Robotics, Machine Learning, IoT",3,190,0.89
444,Student_444,student444@engg.edu,Mechanical,"Automation, AI",1,"189,67",0.71
445,Student_445,student445@engg.edu,Electrical,"3D Printing, Cybersecurity",1,"8,51,37,173",0.65
446,Student_446,student446@engg.edu,Civil,"Sustainability, 3D Printing",2,"188,41,130,85",0.71
447,Student_447,student447@engg.edu,Computer Science,"Power Systems, Automation, Machine Learning, Cybersecurity",4,190,0.6
448,Student_448,student448@engg.edu,Information Technology,"Web Development, 3D Printing, Cloud",2,40,0.52
449,Student_449,student449@engg.edu,Electrical,"Power Systems, CAD",1,"18,06,01,19,169",0.95
450,Student_450,student450@engg.edu,Mechanical,"CAD, Robotics, Machine Learning, 3D Printing",1,"18,31,66,90,165",0.95
451,Student_451,student451@engg.edu,Civil,"CAD, Cybersecurity",2,"58,190",0.94
452,Student_452,student452@engg.edu,Electronics,"Networking, Sustainability, IoT",1,"148,61,193,126,83",0.5
453,Student_453,student453@engg.edu,Information Technology,"Sustainability, Robotics, IoT, Power Systems",1,"1,74,197",0.69
454,Student_454,student454@engg.edu,Electronics,"Machine Learning, Embedded Systems",4,"139,144,42,12",0.9
455,Student_455,student455@engg.edu,Civil,"Machine Learning, Robotics",4,"1,31,37,123",0.96
456,Student_456,student456@engg.edu,Electrical,"Sustainability, CAD, Robotics, Automation",1,"113,74",0.93
457,Student_457,student457@engg.edu,Civil,"CAD, Web Development",4,"1,91,46,195",0.52
458,Student_458,student458@engg.edu,Electronics,"IoT, AI, Power Systems, Sustainability",2,"44,121,40",0.99
459,Student_459,student459@engg.edu,Civil,"3D Printing, Web Development, Power Systems",2,142,0.74
460,Student_460,student460@engg.edu,Civil,"Sustainability, Embedded Systems, Robotics, 3D Printing",4,"7,21,17,149",0.93
461,Student_461,student461@engg.edu,Information Technology,"Networking, CAD",1,118,0.75
462,Student_462,student462@engg.edu,Mechanical,"Embedded Systems, Web Development, Cloud, Machine Learning",4,"40,82",0.54
463,Student_463,student463@engg.edu,Electrical,"IoT, Machine Learning, CAD",4,"8,23",0.52
464,Student_464,student464@engg.edu,Mechanical,"Web Development, Machine Learning",2,"95,166,3,195,20",0.83
465,Student_465,student465@engg.edu,Electrical,"IoT, AI, Cloud",4,"115,39,6,70",0.86
466,Student_466,student466@engg.edu,Electronics,"CAD, Machine Learning, Networking, Sustainability",3,110,0.91
467,Student_467,student467@engg.edu,Electronics,"3D Printing, IoT, Power Systems, Machine Learning",4,200,0.57
468,Student_468,student468@engg.edu,Civil,"Power Systems, Embedded Systems, Machine Learning, Cybersecurity",2,"1,65,125",0.73
469,Student_469,student469@engg.edu,Information Technology,"IoT, Machine Learning, Embedded Systems, AI",4,"62,71,82,131,78",0.73
470,Student_470,student470@engg.edu,Mechanical,"Robotics, CAD, AI, 3D Printing",4,,0.96
471,Student_471,student471@engg.edu,Information Technology,"Automation, Robotics, Power Systems, Networking",3,43,0.75
472,Student_472,student472@engg.edu,Electrical,"Automation, Power Systems, Cloud",4,"3,64,71,90,200",0.9
473,Student_473,student473@engg.edu,Information Technology,"Automation, Power Systems, Networking",3,"92,121",0.86
474,Student_474,student474@engg.edu,Mechanical,"Cloud, Web Development, Networking, Automation",2,"36,56,13,11,52,194",0.99
475,Student_475,student475@engg.edu,Civil,"3D Printing, Web Development",3,"153,107,146,95",0.78
476,Student_476,student476@engg.edu,Mechanical,"Sustainability, Power Systems, Embedded Systems, Web Development",4,"1,91,84,156",0.9
477,Student_477,student477@engg.edu,Mechanical,"AI, Embedded Systems",1,,0.6
478,Student_478,student478@engg.edu,Information Technology,"Sustainability, Cybersecurity, Robotics",3,"6,31,66,50,190",0.6
479,Student_479,student479@engg.edu,Mechanical,"IoT, CAD",2,"43,16,11,23,165",0.87
480,Student_480,student480@engg.edu,Mechanical,"Cloud, 3D Printing, Power Systems",4,"1,90,150",0.69
481,Student_481,student481@engg.edu,Civil,"3D Printing, AI, Networking",2,46,0.96
482,Student_482,student482@engg.edu,Civil,"Sustainability, IoT, Automation, 3D Printing",2,63,0.65
483,Student_483,student483@engg.edu,Information Technology,"Machine Learning, Robotics, Networking, 3D Printing",4,"41,195",0.64
484,Student_484,student484@engg.edu,Electronics,"Robotics, Automation",2,"125,55",0.52
485,Student_485,student485@engg.edu,Electronics,"AI, Networking, Sustainability, Automation",3,122,0.54
486,Student_486,student486@engg.edu,Civil,"3D Printing, Cloud, Robotics",4,,0.77
487,Student_487,student487@engg.edu,Electrical,"IoT, Cloud",3,"33,45,89",0.68
488,Student_488,student488@engg.edu,Information Technology,"3D Printing, CAD, Web Development, Sustainability",3,"1,67,153",0.72
489,Student_489,student489@engg.edu,Civil,"Automation, Cloud, AI, Sustainability",4,"5,21,79,155",0.63
490,Student_490,student490@engg.edu,Civil,"AI, 3D Printing, IoT",1,"191,21",0.65
491,Student_491,student491@engg.edu,Civil,"IoT, 3D Printing",1,166,0.81
492,Student_492,student492@engg.edu,Information Technology,"Sustainability, Networking, Cloud, Web Development",4,"119,32,65",0.82
493,Student_493,student493@engg.edu,Computer Science,"Sustainability, Robotics, AI, CAD",1,"130,180,97",0.59
494,Student_494,student494@engg.edu,Electronics,"Machine Learning, Automation, Cloud, Cybersecurity",4,"17,01,96,36,172",0.72
495,Student_495,student495@engg.edu,Computer Science,"Sustainability, Machine Learning, 3D Printing",1,"18,07,91,83,200",0.88
496,Student_496,student496@engg.edu,Mechanical,"Power Systems, Machine Learning",3,"1,28,14,119",0.89
497,Student_497,student497@engg.edu,Electronics,"Machine Learning, Cybersecurity, CAD, Embedded Systems",4,"25,89",0.58
498,Student_498,student498@engg.edu,Information Technology,"Power Systems, Embedded Systems",3,"55,44",0.98
499,Student_499,student499@engg.edu,Computer Science,"Web Development, 3D Printing, Robotics, Machine Learning",4,166,0.77
500,Student_500,student500@engg.edu,Computer Science,"Cloud, Power Systems, Networking",2,"36,169,40",0.58
501,Student_501,student501@engg.edu,Information Technology,"Web Development, Cybersecurity, Cloud, Machine Learning",1,"112,88,67,188,124,113,39",0.93
502,Student_502,student502@engg.edu,Mechanical,"Sustainability, 3D Printing, Machine Learning",1,"159,70,1,52,82",0.6
503,Student_503,student503@engg.edu,Mechanical,"IoT, Web Development, Robotics",1,"30,25,87,95,61",0.95
504,Student_504,student504@engg.edu,Electronics,"CAD, IoT, Automation",3,165,0.9
505,Student_505,student505@engg.edu,Electrical,"AI, IoT",4,7,0.64
506,Student_506,student506@engg.edu,Electronics,"Sustainability, Power Systems",4,197,0.68
507,Student_507,student507@engg.edu,Electronics,"3D Printing, Machine Learning, Robotics",2,"24,49,9,26",0.63
508,Student_508,student508@engg.edu,Civil,"Power Systems, Machine Learning",1,"19,51,40,69,158",0.91
509,Student_509,student509@engg.edu,Mechanical,"Networking, Automation, Cloud",4,"193,76,36,56",0.83
510,Student_510,student510@engg.edu,Information Technology,"Embedded Systems, Cloud, Automation",1,"194,162,75",0.7
511,Student_511,student511@engg.edu,Mechanical,"Sustainability, Cloud",2,"1,57,21,119",0.72
512,Student_512,student512@engg.edu,Information Technology,"Automation, Sustainability, Robotics, CAD",4,"11,81,51,48,175",0.62
513,Student_513,student513@engg.edu,Electronics,"Cloud, AI, Sustainability",3,"72,141",0.69
514,Student_514,student514@engg.edu,Electrical,"AI, Sustainability",3,"126,199,32",0.92
515,Student_515,student515@engg.edu,Electronics,"3D Printing, Automation, Robotics, Embedded Systems",1,33,0.76
516,Student_516,student516@engg.edu,Electrical,"3D Printing, Embedded Systems",4,"132,17,171,96",0.9
517,Student_517,student517@engg.edu,Mechanical,"3D Printing, Robotics",3,"120,90,198,189,149,155,18",0.61
518,Student_518,student518@engg.edu,Information Technology,"IoT, Automation",4,"93,63,134,187,64",0.91
519,Student_519,student519@engg.edu,Civil,"CAD, Sustainability",2,"189,130,51,191,88",0.82
520,Student_520,student520@engg.edu,Electrical,"Cloud, AI",2,"1,30,51,18,75,41,03,140",0.57
521,Student_521,student521@engg.edu,Mechanical,"Automation, Robotics",2,"71,78",0.76
522,Student_522,student522@engg.edu,Electrical,"Automation, Sustainability, AI, Networking",4,"1,21,196",0.93
523,Student_523,student523@engg.edu,Information Technology,"Web Development, Embedded Systems",3,"82,197",0.58
524,Student_524,student524@engg.edu,Civil,"CAD, Automation, Networking",4,2,0.57
525,Student_525,student525@engg.edu,Computer Science,"3D Printing, Web Development",1,"1,07,12,51,38,148",0.59
526,Student_526,student526@engg.edu,Mechanical,"AI, Networking, 3D Printing, Power Systems",2,"5,11,89,68,104",0.95
527,Student_527,student527@engg.edu,Mechanical,"Networking, Sustainability",1,"52,114",0.85
528,Student_528,student528@engg.edu,Electrical,"Networking, CAD",1,"113,15",0.71
529,Student_529,student529@engg.edu,Electronics,"Networking, Cloud, Machine Learning",3,"109,23",0.59
530,Student_530,student530@engg.edu,Civil,"Networking, AI, Automation, 3D Printing",4,,0.83
531,Student_531,student531@engg.edu,Civil,"Embedded Systems, IoT, Machine Learning",3,"112,94",0.63
532,Student_532,student532@engg.edu,Mechanical,"Automation, IoT, Web Development",2,"1,38,10,55,41,85,13,31,00,000",0.71
533,Student_533,student533@engg.edu,Mechanical,"Robotics, IoT, 3D Printing",3,,0.89
534,Student_534,student534@engg.edu,Electrical,"Robotics, Sustainability, Machine Learning, Cloud",1,"11,27,31,37,14,41,46,100",0.61
535,Student_535,student535@engg.edu,Electrical,"Networking, 3D Printing, Automation",4,"26,28",0.98
536,Student_536,student536@engg.edu,Computer Science,"Web Development, Robotics",1,"61,31,35,128",0.53
537,Student_537,student537@engg.edu,Information Technology,"Machine Learning, Automation, AI",3,"100,76,2,74",0.86
538,Student_538,student538@engg.edu,Mechanical,"Networking, Robotics",3,"99,79",0.6
539,Student_539,student539@engg.edu,Mechanical,"3D Printing, Power Systems, Cloud, Automation",3,"121,93,25",0.62
540,Student_540,student540@engg.edu,Computer Science,"Machine Learning, Cybersecurity",4,"85,27,131",0.79
541,Student_541,student541@engg.edu,Mechanical,"Power Systems, Web Development",3,"16,31",0.86
542,Student_542,student542@engg.edu,Mechanical,"IoT, Web Development, Cybersecurity, Cloud",1,,0.63
543,Student_543,student543@engg.edu,Electrical,"Machine Learning, 3D Printing, Web Development, Networking",3,7,0.94
544,Student_544,student544@engg.edu,Mechanical,"Power Systems, CAD, Embedded Systems",4,"20,160,8",0.84
545,Student_545,student545@engg.edu,Mechanical,"CAD, Machine Learning",2,,0.84
546,Student_546,student546@engg.edu,Information Technology,"Embedded Systems, IoT, 3D Printing",3,,0.55
547,Student_547,student547@engg.edu,Civil,"Web Development, IoT, Machine Learning, 3D Printing",3,"1,19,44,16,01,69,80,190",0.61
548,Student_548,student548@engg.edu,Mechanical,"Robotics, Power Systems, Sustainability",2,"14,71,29,42,124",0.62
549,Student_549,student549@engg.edu,Information Technology,"Cloud, Web Development, Networking",3,23,0.58
550,Student_550,student550@engg.edu,Computer Science,"Machine Learning, Sustainability",1,47,0.92
551,Student_551,student551@engg.edu,Electronics,"IoT, CAD, Automation, Cybersecurity",3,158,0.7
552,Student_552,student552@engg.edu,Mechanical,"AI, 3D Printing",3,"20,74,11,91,20,137",0.7
553,Student_553,student553@engg.edu,Civil,"CAD, Machine Learning",1,11,0.51
554,Student_554,student554@engg.edu,Information Technology,"Automation, Machine Learning, IoT",2,109,0.77
555,Student_555,student555@engg.edu,Information Technology,"CAD, Automation, IoT",2,"66,158",0.71
556,Student_556,student556@engg.edu,Electronics,"Web Development, Embedded Systems, Cybersecurity",2,"42,165",0.91
557,Student_557,student557@engg.edu,Civil,"Networking, Cloud, 3D Printing",2,"5,6,51",0.9
558,Student_558,student558@engg.edu,Civil,"CAD, Networking",4,"1,50,21,23,195",0.57
559,Student_559,student559@engg.edu,Civil,"3D Printing, Power Systems, IoT, CAD",1,"1,49,14,61,16,109",0.7
560,Student_560,student560@engg.edu,Civil,"AI, Cloud",1,"89,74,139",0.72
561,Student_561,student561@engg.edu,Electronics,"IoT, Web Development, 3D Printing",1,"66,194",0.71
562,Student_562,student562@engg.edu,Electronics,"Automation, Cloud, Web Development, Power Systems",3,"1,10,144",0.66
563,Student_563,student563@engg.edu,Mechanical,"Networking, Power Systems, CAD",3,"175,145,64,191,96",0.73
564,Student_564,student564@engg.edu,Information Technology,"Sustainability, Networking",4,"69,89",0.92
565,Student_565,student565@engg.edu,Computer Science,"Robotics, IoT",3,,0.86
566,Student_566,student566@engg.edu,Mechanical,"Embedded Systems, Cybersecurity, CAD, IoT",2,"142,120,165,4",0.59
567,Student_567,student567@engg.edu,Computer Science,"Power Systems, Cloud",1,"59,126",0.61
568,Student_568,student568@engg.edu,Electrical,"Machine Learning, Web Development",4,"186,53,23",0.76
569,Student_569,student569@engg.edu,Computer Science,"Cybersecurity, Automation",4,"1,14,160",0.65
570,Student_570,student570@engg.edu,Information Technology,"Cybersecurity, CAD, Sustainability, Robotics",2,"1,08,129",0.51
571,Student_571,student571@engg.edu,Civil,"Web Development, IoT, CAD",4,"3,104,72,15",0.57
572,Student_572,student572@engg.edu,Civil,"Robotics, Automation, Networking, CAD",3,57,0.95
573,Student_573,student573@engg.edu,Electrical,"Cloud, Networking, Machine Learning, CAD",2,"94,98,54",0.65
574,Student_574,student574@engg.edu,Computer Science,"Web Development, Networking, Robotics, IoT",4,"76,149",0.97
575,Student_575,student575@engg.edu,Electrical,"AI, Networking, Embedded Systems",1,"1,83,16,41,50,141",0.77
576,Student_576,student576@engg.edu,Information Technology,"3D Printing, Embedded Systems, Networking",4,"200,9",0.91
577,Student_577,student577@engg.edu,Information Technology,"Machine Learning, Embedded Systems, Sustainability",3,"94,152,24,49",0.64
578,Student_578,student578@engg.edu,Civil,"Networking, Cybersecurity, Embedded Systems, Cloud",3,"163,51",0.56
579,Student_579,student579@engg.edu,Electrical,"CAD, Cybersecurity, Power Systems, Automation",2,,0.52
580,Student_580,student580@engg.edu,Mechanical,"Robotics, Machine Learning",4,"69,74,42,85,162",0.86
581,Student_581,student581@engg.edu,Information Technology,"Robotics, AI",3,"1,42,36,161",0.89
582,Student_582,student582@engg.edu,Electrical,"CAD, Power Systems, AI",2,"12,103",0.53
583,Student_583,student583@engg.edu,Electrical,"3D Printing, CAD",3,"63,124,48",0.91
584,Student_584,student584@engg.edu,Computer Science,"Networking, Power Systems",4,"173,50",0.62
585,Student_585,student585@engg.edu,Computer Science,"CAD, Power Systems",2,"4,5,122",0.74
586,Student_586,student586@engg.edu,Civil,"IoT, Robotics, Sustainability",1,"123,22,4",0.63
587,Student_587,student587@engg.edu,Civil,"Cloud, IoT, AI",4,"11,81,10,140",0.66
588,Student_588,student588@engg.edu,Information Technology,"Automation, Machine Learning, Embedded Systems",4,"68,75",0.84
589,Student_589,student589@engg.edu,Information Technology,"Networking, Machine Learning, Cloud",3,"46,35,60",0.97
590,Student_590,student590@engg.edu,Civil,"AI, IoT",2,"1,22,15,41,08,12,160",0.74
591,Student_591,student591@engg.edu,Electronics,"Networking, Sustainability, IoT, CAD",3,"1,11,98,23,129",0.86
592,Student_592,student592@engg.edu,Electronics,"CAD, Power Systems",4,"58,128",0.59
593,Student_593,student593@engg.edu,Information Technology,"IoT, Web Development, Power Systems, CAD",2,"9,45,68,174",0.53
594,Student_594,student594@engg.edu,Information Technology,"Cybersecurity, Web Development, 3D Printing",4,"98,133",0.87
595,Student_595,student595@engg.edu,Computer Science,"Web Development, IoT, Automation, Cloud",4,"1,24,101",0.59
596,Student_596,student596@engg.edu,Civil,"Networking, 3D Printing, Robotics",3,"89,164,27",0.56
597,Student_597,student597@engg.edu,Mechanical,"Machine Learning, AI, Robotics, Power Systems",4,"105,21,102,167,76",0.6
598,Student_598,student598@engg.edu,Computer Science,"Sustainability, Embedded Systems, Web Development, CAD",1,"172,133,54",0.68
599,Student_599,student599@engg.edu,Mechanical,"Machine Learning, AI, Cloud, Sustainability",4,,0.9
600,Student_600,student600@engg.edu,Computer Science,"3D Printing, Power Systems, Embedded Systems",3,"11,91,77,110",0.76
601,Student_601,student601@engg.edu,Civil,"Web Development, Cybersecurity",1,"1,73,69,70,155",0.55
602,Student_602,student602@engg.edu,Information Technology,"Embedded Systems, Cloud, Networking, 3D Printing",4,"197,128,37",0.87
603,Student_603,student603@engg.edu,Civil,"IoT, Sustainability, CAD, Networking",2,"190,113,49",0.77
604,Student_604,student604@engg.edu,Mechanical,"Sustainability, Robotics, 3D Printing",3,"24,60",0.92
605,Student_605,student605@engg.edu,Electrical,"Embedded Systems, Power Systems, IoT, Automation",2,"106,141,56",0.69
606,Student_606,student606@engg.edu,Mechanical,"Cybersecurity, IoT, CAD, Power Systems",3,"61,80,131",0.8
607,Student_607,student607@engg.edu,Mechanical,"Cybersecurity, AI",1,"1,85,152",0.89
608,Student_608,student608@engg.edu,Civil,"3D Printing, Web Development, Networking",1,83,0.73
609,Student_609,student609@engg.edu,Information Technology,"Cybersecurity, IoT",1,"1,55,71,136",0.79
610,Student_610,student610@engg.edu,Mechanical,"Power Systems, Machine Learning",4,"69,133,89",0.91
611,Student_611,student611@engg.edu,Civil,"Automation, Machine Learning, Web Development, Sustainability",4,"13,2",0.54
612,Student_612,student612@engg.edu,Computer Science,"IoT, Embedded Systems, Networking",2,"16,141,158,68",0.87
613,Student_613,student613@engg.edu,Mechanical,"Sustainability, Networking",1,"9,41,55,174",0.66
614,Student_614,student614@engg.edu,Mechanical,"IoT, 3D Printing",4,"123,88,112,118,70",0.99
615,Student_615,student615@engg.edu,Mechanical,"3D Printing, Machine Learning, Cloud, Embedded Systems",2,"1,67,186",0.67
616,Student_616,student616@engg.edu,Electrical,"Power Systems, AI, 3D Printing, Embedded Systems",4,"12,11,11,79,188",0.89
617,Student_617,student617@engg.edu,Information Technology,"CAD, 3D Printing",2,"1,37,15,41,65,116",0.78
618,Student_618,student618@engg.edu,Civil,"Cloud, Web Development, Machine Learning, Cybersecurity",1,"126,30",0.56
619,Student_619,student619@engg.edu,Electrical,"IoT, Web Development, Cloud",1,,0.88
620,Student_620,student620@engg.edu,Information Technology,"Automation, Networking, CAD",2,"147,198,50",0.84
621,Student_621,student621@engg.edu,Information Technology,"Web Development, Machine Learning, Networking, AI",3,"1,66,38,105",0.51
622,Student_622,student622@engg.edu,Civil,"Cybersecurity, CAD",2,"13,87,61,99,146",0.6
623,Student_623,student623@engg.edu,Mechanical,"3D Printing, CAD, Automation",1,,0.69
624,Student_624,student624@engg.edu,Civil,"AI, Cybersecurity, Robotics, Web Development",3,"150,119,10,89",0.53
625,Student_625,student625@engg.edu,Civil,"Machine Learning, Embedded Systems",1,"55,168,161,44,24",0.51
626,Student_626,student626@engg.edu,Civil,"Cloud, Embedded Systems, 3D Printing",1,"96,122,78,6,187",0.59
627,Student_627,student627@engg.edu,Mechanical,"3D Printing, Power Systems, AI",3,"1,15,41,10,91,72,164",0.67
628,Student_628,student628@engg.edu,Electrical,"Robotics, AI, IoT, Sustainability",2,"179,25",1
629,Student_629,student629@engg.edu,Mechanical,"Networking, AI, Sustainability",3,"135,138,16",0.61
630,Student_630,student630@engg.edu,Electronics,"Sustainability, Robotics, Machine Learning",2,"144,44",0.71
631,Student_631,student631@engg.edu,Mechanical,"Embedded Systems, Cybersecurity",2,"1,82,148",0.83
632,Student_632,student632@engg.edu,Mechanical,"Sustainability, Networking, Cloud, Robotics",2,151,0.72
633,Student_633,student633@engg.edu,Information Technology,"Automation, Robotics, IoT, Machine Learning",3,"1,38,134",0.92
634,Student_634,student634@engg.edu,Information Technology,"AI, Networking, IoT, Embedded Systems",3,"133,169,141,97,160,109,91",0.58
635,Student_635,student635@engg.edu,Information Technology,"Robotics, Web Development",3,"43,170,86",0.8
636,Student_636,student636@engg.edu,Mechanical,"Automation, Cloud",3,"16,71,99,162",0.54
637,Student_637,student637@engg.edu,Electrical,"3D Printing, Automation",2,"93,95,63",0.93
638,Student_638,student638@engg.edu,Electrical,"Robotics, Web Development, Cloud",1,"189,27,62",0.96
639,Student_639,student639@engg.edu,Electrical,"Power Systems, Sustainability",1,91,0.59
640,Student_640,student640@engg.edu,Electrical,"CAD, Power Systems, IoT, Web Development",1,"32,127",0.8
641,Student_641,student641@engg.edu,Electrical,"IoT, Embedded Systems, Automation, Power Systems",1,"156,79",0.76
642,Student_642,student642@engg.edu,Electrical,"Web Development, AI, Cloud",4,"197,45,99",0.76
643,Student_643,student643@engg.edu,Civil,"Cloud, Cybersecurity",3,"146,40",0.73
644,Student_644,student644@engg.edu,Electrical,"Automation, AI, Power Systems",4,"7,61,94,19,96,90,91,130",0.55
645,Student_645,student645@engg.edu,Mechanical,"Robotics, Networking",4,,0.71
646,Student_646,student646@engg.edu,Electrical,"Robotics, CAD",1,"1,31,48,140",0.63
647,Student_647,student647@engg.edu,Civil,"Power Systems, Networking, Robotics, Machine Learning",4,"174,101,102,39,90,146,44",0.82
648,Student_648,student648@engg.edu,Computer Science,"Power Systems, Embedded Systems, Web Development, 3D Printing",1,48,0.88
649,Student_649,student649@engg.edu,Electronics,"Web Development, Sustainability, Robotics, Power Systems",1,"175,78",0.71
650,Student_650,student650@engg.edu,Electronics,"Networking, CAD, Cybersecurity, Sustainability",2,"1,00,123",0.5
651,Student_651,student651@engg.edu,Electronics,"CAD, Web Development",4,"12,62,92",0.62
652,Student_652,student652@engg.edu,Mechanical,"CAD, Web Development, Embedded Systems, Networking",1,"11,196,198,103,15",0.62
653,Student_653,student653@engg.edu,Mechanical,"Automation, Sustainability, 3D Printing",2,"1,66,17,21,78,180",0.53
654,Student_654,student654@engg.edu,Electronics,"Robotics, AI",3,179,0.96
655,Student_655,student655@engg.edu,Computer Science,"Embedded Systems, Robotics",2,"19,18,71,24,65,136",0.98
656,Student_656,student656@engg.edu,Civil,"IoT, AI, Machine Learning, Cybersecurity",4,"10,11,50,91,66,41,63,100",0.92
657,Student_657,student657@engg.edu,Computer Science,"CAD, Robotics, Machine Learning",4,"42,50,158",0.76
658,Student_658,student658@engg.edu,Civil,"Automation, AI",1,"101,33,53,110,99",0.74
659,Student_659,student659@engg.edu,Civil,"Networking, Power Systems, Cybersecurity, Embedded Systems",3,"197,53",0.96
660,Student_660,student660@engg.edu,Mechanical,"CAD, 3D Printing, Power Systems, Sustainability",2,107,0.85
661,Student_661,student661@engg.edu,Information Technology,"Machine Learning, AI",2,"8,01,09,10,51,58,136",0.9
662,Student_662,student662@engg.edu,Electrical,"AI, IoT, Networking",2,"140,30,89,171,6,134,138,130",0.85
663,Student_663,student663@engg.edu,Electronics,"Cybersecurity, Web Development",1,77,0.84
